time,global_anom_mean
1850-01-01 00:00:00,-0.7606646
1850-02-01 00:00:00,-0.46040937
1850-03-01 00:00:00,-0.53360885
1850-04-01 00:00:00,-0.6279649
1850-05-01 00:00:00,-0.60958445
1850-06-01 00:00:00,-0.3704592
1850-07-01 00:00:00,-0.29343745
1850-08-01 00:00:00,-0.19664991
1850-09-01 00:00:00,-0.42326102
1850-10-01 00:00:00,-0.69277394
1850-11-01 00:00:00,-0.34015802
1850-12-01 00:00:00,-0.34197542
1851-01-01 00:00:00,-0.50823635
1851-02-01 00:00:00,-0.33393988
1851-03-01 00:00:00,-0.6057949
1851-04-01 00:00:00,-0.67630464
1851-05-01 00:00:00,-0.567476
1851-06-01 00:00:00,-0.430432
1851-07-01 00:00:00,-0.20220894
1851-08-01 00:00:00,-0.16216533
1851-09-01 00:00:00,-0.17085761
1851-10-01 00:00:00,-0.08871307
1851-11-01 00:00:00,-0.21695076
1851-12-01 00:00:00,-0.26257443
1852-01-01 00:00:00,-0.2981782
1852-02-01 00:00:00,-0.4371263
1852-03-01 00:00:00,-0.7662271
1852-04-01 00:00:00,-0.6438346
1852-05-01 00:00:00,-0.37392867
1852-06-01 00:00:00,-0.1738638
1852-07-01 00:00:00,-0.26616877
1852-08-01 00:00:00,-0.19971381
1852-09-01 00:00:00,-0.20189597
1852-10-01 00:00:00,-0.36704135
1852-11-01 00:00:00,-0.3539774
1852-12-01 00:00:00,-0.4196137
1853-01-01 00:00:00,-0.43804997
1853-02-01 00:00:00,-0.7266203
1853-03-01 00:00:00,-0.68868595
1853-04-01 00:00:00,-0.6913105
1853-05-01 00:00:00,-0.3670266
1853-06-01 00:00:00,-0.30202273
1853-07-01 00:00:00,-0.16373006
1853-08-01 00:00:00,-0.25919
1853-09-01 00:00:00,-0.28867728
1853-10-01 00:00:00,-0.24897544
1853-11-01 00:00:00,-0.2760983
1853-12-01 00:00:00,-0.21239659
1854-01-01 00:00:00,-0.5405817
1854-02-01 00:00:00,-0.4064274
1854-03-01 00:00:00,-0.22194624
1854-04-01 00:00:00,-0.37753874
1854-05-01 00:00:00,-0.423707
1854-06-01 00:00:00,-0.35188866
1854-07-01 00:00:00,-0.2546738
1854-08-01 00:00:00,-0.24165937
1854-09-01 00:00:00,-0.25835556
1854-10-01 00:00:00,-0.21888973
1854-11-01 00:00:00,-0.18065284
1854-12-01 00:00:00,-0.36733925
1855-01-01 00:00:00,-0.3113069
1855-02-01 00:00:00,-0.5416557
1855-03-01 00:00:00,-0.45953256
1855-04-01 00:00:00,-0.3885696
1855-05-01 00:00:00,-0.40934142
1855-06-01 00:00:00,-0.27049196
1855-07-01 00:00:00,-0.3802809
1855-08-01 00:00:00,-0.3193552
1855-09-01 00:00:00,-0.34491786
1855-10-01 00:00:00,-0.29846987
1855-11-01 00:00:00,-0.3536824
1855-12-01 00:00:00,-0.43230575
1856-01-01 00:00:00,-0.14107478
1856-02-01 00:00:00,-0.19392672
1856-03-01 00:00:00,-0.3533103
1856-04-01 00:00:00,-0.50363886
1856-05-01 00:00:00,-0.5669807
1856-06-01 00:00:00,-0.30030864
1856-07-01 00:00:00,-0.353005
1856-08-01 00:00:00,-0.5480072
1856-09-01 00:00:00,-0.4690093
1856-10-01 00:00:00,-0.7019506
1856-11-01 00:00:00,-0.29729998
1856-12-01 00:00:00,-0.2950051
1857-01-01 00:00:00,-0.4680327
1857-02-01 00:00:00,-0.5332214
1857-03-01 00:00:00,-0.38088608
1857-04-01 00:00:00,-0.5374164
1857-05-01 00:00:00,-0.5786737
1857-06-01 00:00:00,-0.43417
1857-07-01 00:00:00,-0.43126085
1857-08-01 00:00:00,-0.3435609
1857-09-01 00:00:00,-0.46931797
1857-10-01 00:00:00,-0.537274
1857-11-01 00:00:00,-0.35471132
1857-12-01 00:00:00,-0.15476054
1858-01-01 00:00:00,-0.35578766
1858-02-01 00:00:00,-0.45211416
1858-03-01 00:00:00,-0.5037483
1858-04-01 00:00:00,-0.45535666
1858-05-01 00:00:00,-0.61637104
1858-06-01 00:00:00,-0.4607583
1858-07-01 00:00:00,-0.30400372
1858-08-01 00:00:00,-0.35611337
1858-09-01 00:00:00,-0.46691164
1858-10-01 00:00:00,-0.39216417
1858-11-01 00:00:00,-0.51336074
1858-12-01 00:00:00,-0.4578621
1859-01-01 00:00:00,-0.47385928
1859-02-01 00:00:00,-0.34191754
1859-03-01 00:00:00,-0.18402669
1859-04-01 00:00:00,-0.357012
1859-05-01 00:00:00,-0.30941924
1859-06-01 00:00:00,-0.33880946
1859-07-01 00:00:00,-0.4188518
1859-08-01 00:00:00,-0.3002065
1859-09-01 00:00:00,-0.39437413
1859-10-01 00:00:00,-0.35344252
1859-11-01 00:00:00,-0.37591144
1859-12-01 00:00:00,-0.1435954
1860-01-01 00:00:00,-0.3755886
1860-02-01 00:00:00,-0.5564759
1860-03-01 00:00:00,-0.4651631
1860-04-01 00:00:00,-0.5473341
1860-05-01 00:00:00,-0.53992045
1860-06-01 00:00:00,-0.3662754
1860-07-01 00:00:00,-0.41155243
1860-08-01 00:00:00,-0.3977627
1860-09-01 00:00:00,-0.509067
1860-10-01 00:00:00,-0.46196485
1860-11-01 00:00:00,-0.34825873
1860-12-01 00:00:00,-0.70992774
1861-01-01 00:00:00,-0.69112444
1861-02-01 00:00:00,-0.6791421
1861-03-01 00:00:00,-0.39832386
1861-04-01 00:00:00,-0.47181112
1861-05-01 00:00:00,-0.6079049
1861-06-01 00:00:00,-0.4884742
1861-07-01 00:00:00,-0.3549561
1861-08-01 00:00:00,-0.39927465
1861-09-01 00:00:00,-0.3766082
1861-10-01 00:00:00,-0.47967854
1861-11-01 00:00:00,-0.2825482
1861-12-01 00:00:00,-0.40257198
1862-01-01 00:00:00,-0.40243053
1862-02-01 00:00:00,-0.57777303
1862-03-01 00:00:00,-0.67067593
1862-04-01 00:00:00,-0.67283916
1862-05-01 00:00:00,-0.6700683
1862-06-01 00:00:00,-0.47067884
1862-07-01 00:00:00,-0.5140365
1862-08-01 00:00:00,-0.51476127
1862-09-01 00:00:00,-0.5298862
1862-10-01 00:00:00,-0.5756723
1862-11-01 00:00:00,-0.29020092
1862-12-01 00:00:00,-0.6376414
1863-01-01 00:00:00,-0.45400545
1863-02-01 00:00:00,-0.58029664
1863-03-01 00:00:00,-0.4384938
1863-04-01 00:00:00,-0.2504951
1863-05-01 00:00:00,-0.46931207
1863-06-01 00:00:00,-0.4159658
1863-07-01 00:00:00,-0.49747294
1863-08-01 00:00:00,-0.45829585
1863-09-01 00:00:00,-0.5337106
1863-10-01 00:00:00,-0.4707557
1863-11-01 00:00:00,-0.325753
1863-12-01 00:00:00,-0.4869301
1864-01-01 00:00:00,-0.54191214
1864-02-01 00:00:00,-0.3253332
1864-03-01 00:00:00,-0.45497262
1864-04-01 00:00:00,-0.46305686
1864-05-01 00:00:00,-0.37911266
1864-06-01 00:00:00,-0.31450245
1864-07-01 00:00:00,-0.37620804
1864-08-01 00:00:00,-0.45052597
1864-09-01 00:00:00,-0.51998127
1864-10-01 00:00:00,-0.5563815
1864-11-01 00:00:00,-0.5319982
1864-12-01 00:00:00,-0.5535565
1865-01-01 00:00:00,-0.283785
1865-02-01 00:00:00,-0.6946098
1865-03-01 00:00:00,-0.5335986
1865-04-01 00:00:00,-0.70942694
1865-05-01 00:00:00,-0.57410073
1865-06-01 00:00:00,-0.4110964
1865-07-01 00:00:00,-0.24654949
1865-08-01 00:00:00,-0.25621992
1865-09-01 00:00:00,-0.26304895
1865-10-01 00:00:00,-0.36501354
1865-11-01 00:00:00,-0.27668566
1865-12-01 00:00:00,-0.31856406
1866-01-01 00:00:00,-0.4526497
1866-02-01 00:00:00,-0.37069738
1866-03-01 00:00:00,-0.6231497
1866-04-01 00:00:00,-0.6313196
1866-05-01 00:00:00,-0.5334209
1866-06-01 00:00:00,-0.37402648
1866-07-01 00:00:00,-0.28591877
1866-08-01 00:00:00,-0.44408837
1866-09-01 00:00:00,-0.2835033
1866-10-01 00:00:00,-0.37586722
1866-11-01 00:00:00,-0.3499523
1866-12-01 00:00:00,-0.39656967
1867-01-01 00:00:00,-0.62708
1867-02-01 00:00:00,-0.69852597
1867-03-01 00:00:00,-0.8009337
1867-04-01 00:00:00,-0.78992105
1867-05-01 00:00:00,-0.7802175
1867-06-01 00:00:00,-0.4636806
1867-07-01 00:00:00,-0.4468301
1867-08-01 00:00:00,-0.33909127
1867-09-01 00:00:00,-0.30465388
1867-10-01 00:00:00,-0.3407421
1867-11-01 00:00:00,-0.34905145
1867-12-01 00:00:00,-0.4152105
1868-01-01 00:00:00,-0.6570324
1868-02-01 00:00:00,-0.5394261
1868-03-01 00:00:00,-0.40356192
1868-04-01 00:00:00,-0.45725825
1868-05-01 00:00:00,-0.403946
1868-06-01 00:00:00,-0.34225687
1868-07-01 00:00:00,-0.33541632
1868-08-01 00:00:00,-0.24650061
1868-09-01 00:00:00,-0.2564377
1868-10-01 00:00:00,-0.3710386
1868-11-01 00:00:00,-0.5279377
1868-12-01 00:00:00,-0.46644038
1869-01-01 00:00:00,-0.19589792
1869-02-01 00:00:00,-0.26098153
1869-03-01 00:00:00,-0.37560445
1869-04-01 00:00:00,-0.44057927
1869-05-01 00:00:00,-0.38592887
1869-06-01 00:00:00,-0.35521594
1869-07-01 00:00:00,-0.38271308
1869-08-01 00:00:00,-0.39981192
1869-09-01 00:00:00,-0.38638937
1869-10-01 00:00:00,-0.48394927
1869-11-01 00:00:00,-0.1462074
1869-12-01 00:00:00,-0.33295363
1870-01-01 00:00:00,-0.4073841
1870-02-01 00:00:00,-0.70891863
1870-03-01 00:00:00,-0.509824
1870-04-01 00:00:00,-0.55344796
1870-05-01 00:00:00,-0.5154493
1870-06-01 00:00:00,-0.36766
1870-07-01 00:00:00,-0.31828773
1870-08-01 00:00:00,-0.29340938
1870-09-01 00:00:00,-0.3487188
1870-10-01 00:00:00,-0.4153996
1870-11-01 00:00:00,-0.58002746
1870-12-01 00:00:00,-0.66699433
1871-01-01 00:00:00,-0.73640543
1871-02-01 00:00:00,-0.6996543
1871-03-01 00:00:00,-0.38967025
1871-04-01 00:00:00,-0.3486345
1871-05-01 00:00:00,-0.5171101
1871-06-01 00:00:00,-0.2869389
1871-07-01 00:00:00,-0.2861227
1871-08-01 00:00:00,-0.33217272
1871-09-01 00:00:00,-0.5160304
1871-10-01 00:00:00,-0.4613301
1871-11-01 00:00:00,-0.5762044
1871-12-01 00:00:00,-0.504435
1872-01-01 00:00:00,-0.5068966
1872-02-01 00:00:00,-0.5349237
1872-03-01 00:00:00,-0.70228314
1872-04-01 00:00:00,-0.68540615
1872-05-01 00:00:00,-0.43435052
1872-06-01 00:00:00,-0.44994947
1872-07-01 00:00:00,-0.37848
1872-08-01 00:00:00,-0.2735242
1872-09-01 00:00:00,-0.42015386
1872-10-01 00:00:00,-0.5166439
1872-11-01 00:00:00,-0.56536144
1872-12-01 00:00:00,-0.72354764
1873-01-01 00:00:00,-0.56276655
1873-02-01 00:00:00,-0.6433421
1873-03-01 00:00:00,-0.78794426
1873-04-01 00:00:00,-0.86530614
1873-05-01 00:00:00,-0.5948705
1873-06-01 00:00:00,-0.43756387
1873-07-01 00:00:00,-0.34601587
1873-08-01 00:00:00,-0.31269008
1873-09-01 00:00:00,-0.39524978
1873-10-01 00:00:00,-0.30400696
1873-11-01 00:00:00,-0.5140222
1873-12-01 00:00:00,-0.5452733
1874-01-01 00:00:00,-0.7138646
1874-02-01 00:00:00,-0.55250406
1874-03-01 00:00:00,-0.5028885
1874-04-01 00:00:00,-0.4624061
1874-05-01 00:00:00,-0.5373956
1874-06-01 00:00:00,-0.44443977
1874-07-01 00:00:00,-0.49333125
1874-08-01 00:00:00,-0.4269513
1874-09-01 00:00:00,-0.3441763
1874-10-01 00:00:00,-0.24013881
1874-11-01 00:00:00,-0.45942494
1874-12-01 00:00:00,-0.28272247
1875-01-01 00:00:00,-0.3705427
1875-02-01 00:00:00,-0.6548075
1875-03-01 00:00:00,-0.65318274
1875-04-01 00:00:00,-0.57202405
1875-05-01 00:00:00,-0.54195553
1875-06-01 00:00:00,-0.38003883
1875-07-01 00:00:00,-0.3350136
1875-08-01 00:00:00,-0.46668845
1875-09-01 00:00:00,-0.49726614
1875-10-01 00:00:00,-0.4326048
1875-11-01 00:00:00,-0.5676489
1875-12-01 00:00:00,-0.80157036
1876-01-01 00:00:00,-0.50048995
1876-02-01 00:00:00,-0.8732066
1876-03-01 00:00:00,-0.5705238
1876-04-01 00:00:00,-0.6419337
1876-05-01 00:00:00,-0.9008963
1876-06-01 00:00:00,-0.40246856
1876-07-01 00:00:00,-0.4363814
1876-08-01 00:00:00,-0.4649882
1876-09-01 00:00:00,-0.39681998
1876-10-01 00:00:00,-0.4415857
1876-11-01 00:00:00,-0.4673605
1876-12-01 00:00:00,-0.61135745
1877-01-01 00:00:00,-0.49059334
1877-02-01 00:00:00,-0.52183676
1877-03-01 00:00:00,-0.12741268
1877-04-01 00:00:00,-0.36506173
1877-05-01 00:00:00,-0.25026402
1877-06-01 00:00:00,-0.27552864
1877-07-01 00:00:00,-0.07341929
1877-08-01 00:00:00,-0.2789412
1877-09-01 00:00:00,-0.29328102
1877-10-01 00:00:00,-0.021740371
1877-11-01 00:00:00,0.12379797
1877-12-01 00:00:00,-0.16805492
1878-01-01 00:00:00,-0.20612173
1878-02-01 00:00:00,-0.25929618
1878-03-01 00:00:00,0.010842588
1878-04-01 00:00:00,-0.2000942
1878-05-01 00:00:00,-0.3456667
1878-06-01 00:00:00,-0.0971792
1878-07-01 00:00:00,-0.053305056
1878-08-01 00:00:00,-0.23535663
1878-09-01 00:00:00,-0.15491112
1878-10-01 00:00:00,-0.3096086
1878-11-01 00:00:00,-0.29151794
1878-12-01 00:00:00,-0.21905631
1879-01-01 00:00:00,-0.36975044
1879-02-01 00:00:00,-0.6953115
1879-03-01 00:00:00,-0.23597558
1879-04-01 00:00:00,-0.61662847
1879-05-01 00:00:00,-0.47051144
1879-06-01 00:00:00,-0.36215565
1879-07-01 00:00:00,-0.21940374
1879-08-01 00:00:00,-0.43511656
1879-09-01 00:00:00,-0.48966548
1879-10-01 00:00:00,-0.43511274
1879-11-01 00:00:00,-0.51451266
1879-12-01 00:00:00,-0.64392513
1880-01-01 00:00:00,-0.5313578
1880-02-01 00:00:00,-0.9057697
1880-03-01 00:00:00,-0.60026693
1880-04-01 00:00:00,-0.36015192
1880-05-01 00:00:00,-0.45194334
1880-06-01 00:00:00,-0.36991462
1880-07-01 00:00:00,-0.5207323
1880-08-01 00:00:00,-0.2251898
1880-09-01 00:00:00,-0.36219198
1880-10-01 00:00:00,-0.45352936
1880-11-01 00:00:00,-0.53594095
1880-12-01 00:00:00,-0.41769052
1881-01-01 00:00:00,-0.6723001
1881-02-01 00:00:00,-0.6299038
1881-03-01 00:00:00,-0.50723237
1881-04-01 00:00:00,-0.39363572
1881-05-01 00:00:00,-0.3588594
1881-06-01 00:00:00,-0.5612152
1881-07-01 00:00:00,-0.3910629
1881-08-01 00:00:00,-0.48608714
1881-09-01 00:00:00,-0.5582522
1881-10-01 00:00:00,-0.53807294
1881-11-01 00:00:00,-0.51423275
1881-12-01 00:00:00,-0.15749899
1882-01-01 00:00:00,-0.329216
1882-02-01 00:00:00,-0.5892902
1882-03-01 00:00:00,-0.36507446
1882-04-01 00:00:00,-0.71023995
1882-05-01 00:00:00,-0.36129528
1882-06-01 00:00:00,-0.56215096
1882-07-01 00:00:00,-0.5167019
1882-08-01 00:00:00,-0.43536
1882-09-01 00:00:00,-0.47619855
1882-10-01 00:00:00,-0.555617
1882-11-01 00:00:00,-0.3962183
1882-12-01 00:00:00,-0.5340633
1883-01-01 00:00:00,-0.43349758
1883-02-01 00:00:00,-0.4955485
1883-03-01 00:00:00,-0.24752827
1883-04-01 00:00:00,-0.55958986
1883-05-01 00:00:00,-0.43669355
1883-06-01 00:00:00,-0.2587294
1883-07-01 00:00:00,-0.29015255
1883-08-01 00:00:00,-0.56743354
1883-09-01 00:00:00,-0.48002073
1883-10-01 00:00:00,-0.5176184
1883-11-01 00:00:00,-0.20559274
1883-12-01 00:00:00,-0.49391085
1884-01-01 00:00:00,-0.7103866
1884-02-01 00:00:00,-0.42072245
1884-03-01 00:00:00,-0.7403845
1884-04-01 00:00:00,-0.7996964
1884-05-01 00:00:00,-0.6946155
1884-06-01 00:00:00,-0.50585383
1884-07-01 00:00:00,-0.5654326
1884-08-01 00:00:00,-0.5452797
1884-09-01 00:00:00,-0.6688303
1884-10-01 00:00:00,-0.50297636
1884-11-01 00:00:00,-0.39895612
1884-12-01 00:00:00,-0.16187935
1885-01-01 00:00:00,-0.6853193
1885-02-01 00:00:00,-0.5318053
1885-03-01 00:00:00,-0.6704785
1885-04-01 00:00:00,-0.75151724
1885-05-01 00:00:00,-0.6279666
1885-06-01 00:00:00,-0.74400866
1885-07-01 00:00:00,-0.5126892
1885-08-01 00:00:00,-0.50860256
1885-09-01 00:00:00,-0.63241804
1885-10-01 00:00:00,-0.5051578
1885-11-01 00:00:00,-0.5892959
1885-12-01 00:00:00,-0.43660292
1886-01-01 00:00:00,-0.9057757
1886-02-01 00:00:00,-0.653843
1886-03-01 00:00:00,-1.0213097
1886-04-01 00:00:00,-0.739662
1886-05-01 00:00:00,-0.5898394
1886-06-01 00:00:00,-0.6366781
1886-07-01 00:00:00,-0.45941243
1886-08-01 00:00:00,-0.43442178
1886-09-01 00:00:00,-0.4764392
1886-10-01 00:00:00,-0.64757717
1886-11-01 00:00:00,-0.4646616
1886-12-01 00:00:00,-0.4578867
1887-01-01 00:00:00,-1.0349807
1887-02-01 00:00:00,-0.778576
1887-03-01 00:00:00,-0.71929336
1887-04-01 00:00:00,-0.7511739
1887-05-01 00:00:00,-0.7120753
1887-06-01 00:00:00,-0.55712086
1887-07-01 00:00:00,-0.46748424
1887-08-01 00:00:00,-0.5738803
1887-09-01 00:00:00,-0.4354511
1887-10-01 00:00:00,-0.67344964
1887-11-01 00:00:00,-0.5449473
1887-12-01 00:00:00,-0.77569795
1888-01-01 00:00:00,-0.35903817
1888-02-01 00:00:00,-0.6606967
1888-03-01 00:00:00,-0.7422817
1888-04-01 00:00:00,-0.72049654
1888-05-01 00:00:00,-0.5018805
1888-06-01 00:00:00,-0.353588
1888-07-01 00:00:00,-0.21040526
1888-08-01 00:00:00,-0.36555082
1888-09-01 00:00:00,-0.524852
1888-10-01 00:00:00,-0.06276067
1888-11-01 00:00:00,-0.034487642
1888-12-01 00:00:00,-0.34545437
1889-01-01 00:00:00,-0.14875995
1889-02-01 00:00:00,-0.081744194
1889-03-01 00:00:00,-0.41659212
1889-04-01 00:00:00,-0.3601101
1889-05-01 00:00:00,-0.20464998
1889-06-01 00:00:00,-0.39162987
1889-07-01 00:00:00,-0.40029553
1889-08-01 00:00:00,-0.45341015
1889-09-01 00:00:00,-0.25778484
1889-10-01 00:00:00,-0.33244288
1889-11-01 00:00:00,-0.5570441
1889-12-01 00:00:00,-0.60483336
1890-01-01 00:00:00,-0.47129717
1890-02-01 00:00:00,-0.6777456
1890-03-01 00:00:00,-0.57221115
1890-04-01 00:00:00,-0.68859386
1890-05-01 00:00:00,-0.5350637
1890-06-01 00:00:00,-0.52669626
1890-07-01 00:00:00,-0.47197852
1890-08-01 00:00:00,-0.47336116
1890-09-01 00:00:00,-0.54160565
1890-10-01 00:00:00,-0.32930225
1890-11-01 00:00:00,-0.62818444
1890-12-01 00:00:00,-0.6279953
1891-01-01 00:00:00,-0.511548
1891-02-01 00:00:00,-1.0464402
1891-03-01 00:00:00,-0.48729286
1891-04-01 00:00:00,-0.62602323
1891-05-01 00:00:00,-0.4333784
1891-06-01 00:00:00,-0.3400204
1891-07-01 00:00:00,-0.45902148
1891-08-01 00:00:00,-0.49806544
1891-09-01 00:00:00,-0.5780274
1891-10-01 00:00:00,-0.45346662
1891-11-01 00:00:00,-0.70375615
1891-12-01 00:00:00,-0.5611412
1892-01-01 00:00:00,-0.569714
1892-02-01 00:00:00,-0.35498706
1892-03-01 00:00:00,-0.43070814
1892-04-01 00:00:00,-0.62104195
1892-05-01 00:00:00,-0.7080331
1892-06-01 00:00:00,-0.4443609
1892-07-01 00:00:00,-0.61167717
1892-08-01 00:00:00,-0.48172572
1892-09-01 00:00:00,-0.4184059
1892-10-01 00:00:00,-0.57712704
1892-11-01 00:00:00,-0.5219095
1892-12-01 00:00:00,-0.41689217
1893-01-01 00:00:00,-0.7194582
1893-02-01 00:00:00,-0.76058924
1893-03-01 00:00:00,-0.83556676
1893-04-01 00:00:00,-0.66847533
1893-05-01 00:00:00,-0.6116478
1893-06-01 00:00:00,-0.4073716
1893-07-01 00:00:00,-0.488684
1893-08-01 00:00:00,-0.5892045
1893-09-01 00:00:00,-0.59891397
1893-10-01 00:00:00,-0.42230833
1893-11-01 00:00:00,-0.68155634
1893-12-01 00:00:00,-0.77179813
1894-01-01 00:00:00,-1.0559565
1894-02-01 00:00:00,-1.1795977
1894-03-01 00:00:00,-0.8091943
1894-04-01 00:00:00,-0.7604143
1894-05-01 00:00:00,-0.50302076
1894-06-01 00:00:00,-0.80376613
1894-07-01 00:00:00,-0.46366337
1894-08-01 00:00:00,-0.39618397
1894-09-01 00:00:00,-0.75543267
1894-10-01 00:00:00,-0.7171429
1894-11-01 00:00:00,-0.6195457
1894-12-01 00:00:00,-0.5091744
1895-01-01 00:00:00,-0.69783545
1895-02-01 00:00:00,-0.86356306
1895-03-01 00:00:00,-0.576631
1895-04-01 00:00:00,-0.6510424
1895-05-01 00:00:00,-0.6596923
1895-06-01 00:00:00,-0.46705288
1895-07-01 00:00:00,-0.35627517
1895-08-01 00:00:00,-0.40737227
1895-09-01 00:00:00,-0.604456
1895-10-01 00:00:00,-0.54068255
1895-11-01 00:00:00,-0.3704032
1895-12-01 00:00:00,-0.7215435
1896-01-01 00:00:00,-0.6118005
1896-02-01 00:00:00,-0.56425506
1896-03-01 00:00:00,-0.48658922
1896-04-01 00:00:00,-0.8745236
1896-05-01 00:00:00,-0.68011653
1896-06-01 00:00:00,-0.37845415
1896-07-01 00:00:00,-0.46957868
1896-08-01 00:00:00,-0.38035822
1896-09-01 00:00:00,-0.40768757
1896-10-01 00:00:00,-0.099236265
1896-11-01 00:00:00,-0.2995548
1896-12-01 00:00:00,-0.5357414
1897-01-01 00:00:00,-0.5203475
1897-02-01 00:00:00,-0.86766815
1897-03-01 00:00:00,-0.57133
1897-04-01 00:00:00,-0.26545706
1897-05-01 00:00:00,-0.37638256
1897-06-01 00:00:00,-0.42717233
1897-07-01 00:00:00,-0.33380422
1897-08-01 00:00:00,-0.34094378
1897-09-01 00:00:00,-0.42027926
1897-10-01 00:00:00,-0.5574644
1897-11-01 00:00:00,-0.26220798
1897-12-01 00:00:00,-0.06613378
1898-01-01 00:00:00,-0.7539105
1898-02-01 00:00:00,-0.7042941
1898-03-01 00:00:00,-0.7679146
1898-04-01 00:00:00,-0.6641712
1898-05-01 00:00:00,-0.47876668
1898-06-01 00:00:00,-0.416207
1898-07-01 00:00:00,-0.31379598
1898-08-01 00:00:00,-0.31518075
1898-09-01 00:00:00,-0.29760352
1898-10-01 00:00:00,-0.46266598
1898-11-01 00:00:00,-0.7636363
1898-12-01 00:00:00,-0.78508383
1899-01-01 00:00:00,-0.7783624
1899-02-01 00:00:00,-0.7354745
1899-03-01 00:00:00,-0.54295295
1899-04-01 00:00:00,-0.5371151
1899-05-01 00:00:00,-0.60513264
1899-06-01 00:00:00,-0.5678692
1899-07-01 00:00:00,-0.40411165
1899-08-01 00:00:00,-0.37122068
1899-09-01 00:00:00,-0.18387641
1899-10-01 00:00:00,-0.43240884
1899-11-01 00:00:00,-0.27325344
1899-12-01 00:00:00,-0.032221265
1/1/1900 0:00,-0.3666769
2/1/1900 0:00,-0.09066928
3/1/1900 0:00,-0.30001515
4/1/1900 0:00,-0.63329595
5/1/1900 0:00,-0.49280208
6/1/1900 0:00,-0.3750089
7/1/1900 0:00,-0.41956672
8/1/1900 0:00,-0.42934418
9/1/1900 0:00,-0.5496823
10/1/1900 0:00,-0.21827129
11/1/1900 0:00,-0.22387479
12/1/1900 0:00,-0.40033793
1/1/1901 0:00,-0.7140905
2/1/1901 0:00,-0.51541466
3/1/1901 0:00,-0.1724207
4/1/1901 0:00,-0.23371059
5/1/1901 0:00,-0.52934605
6/1/1901 0:00,-0.49358222
7/1/1901 0:00,-0.4015899
8/1/1901 0:00,-0.41230208
9/1/1901 0:00,-0.3816927
10/1/1901 0:00,-0.44426614
11/1/1901 0:00,-0.50456613
12/1/1901 0:00,-0.0527646
1/1/1902 0:00,-0.55478674
2/1/1902 0:00,-0.38508606
3/1/1902 0:00,-0.870668
4/1/1902 0:00,-0.77785546
5/1/1902 0:00,-0.536558
6/1/1902 0:00,-0.35891822
7/1/1902 0:00,-0.39631468
8/1/1902 0:00,-0.5683626
9/1/1902 0:00,-0.51252455
10/1/1902 0:00,-0.5324077
11/1/1902 0:00,-0.4651703
12/1/1902 0:00,-0.83796805
1/1/1903 0:00,-0.60394853
2/1/1903 0:00,-0.7160737
3/1/1903 0:00,-0.42743072
4/1/1903 0:00,-0.8614393
5/1/1903 0:00,-0.52864057
6/1/1903 0:00,-0.4649061
7/1/1903 0:00,-0.6768989
8/1/1903 0:00,-0.79186124
9/1/1903 0:00,-0.68041587
10/1/1903 0:00,-0.64934343
11/1/1903 0:00,-0.38034835
12/1/1903 0:00,-0.8389636
1/1/1904 0:00,-1.0632057
2/1/1904 0:00,-0.7841518
3/1/1904 0:00,-0.41609064
4/1/1904 0:00,-0.96039855
5/1/1904 0:00,-0.71093845
6/1/1904 0:00,-0.61846584
7/1/1904 0:00,-0.6508644
8/1/1904 0:00,-0.68312854
9/1/1904 0:00,-0.6533825
10/1/1904 0:00,-0.42820296
11/1/1904 0:00,-0.31779212
12/1/1904 0:00,-0.34510326
1/1/1905 0:00,-0.7100421
2/1/1905 0:00,-0.8064646
3/1/1905 0:00,-0.3301703
4/1/1905 0:00,-0.48208985
5/1/1905 0:00,-0.35724333
6/1/1905 0:00,-0.39324814
7/1/1905 0:00,-0.38436216
8/1/1905 0:00,-0.65915936
9/1/1905 0:00,-0.6673595
10/1/1905 0:00,-0.6809204
11/1/1905 0:00,-0.56012964
12/1/1905 0:00,-0.6953139
1/1/1906 0:00,-0.71683806
2/1/1906 0:00,-0.46545598
3/1/1906 0:00,-0.7308229
4/1/1906 0:00,-0.18735984
5/1/1906 0:00,-0.42808872
6/1/1906 0:00,-0.24805005
7/1/1906 0:00,-0.33283824
8/1/1906 0:00,-0.42623448
9/1/1906 0:00,-0.43407032
10/1/1906 0:00,-0.14978793
11/1/1906 0:00,-0.20442984
12/1/1906 0:00,-0.02893283
1/1/1907 0:00,-0.4635999
2/1/1907 0:00,-0.7772348
3/1/1907 0:00,-0.44114733
4/1/1907 0:00,-0.7407113
5/1/1907 0:00,-0.73552907
6/1/1907 0:00,-0.60720223
7/1/1907 0:00,-0.46679235
8/1/1907 0:00,-0.38700172
9/1/1907 0:00,-0.59804374
10/1/1907 0:00,-0.37100482
11/1/1907 0:00,-0.50338817
12/1/1907 0:00,-0.59229803
1/1/1908 0:00,-0.98309654
2/1/1908 0:00,-0.3452162
3/1/1908 0:00,-0.720896
4/1/1908 0:00,-0.9152293
5/1/1908 0:00,-0.85984766
6/1/1908 0:00,-0.5679547
7/1/1908 0:00,-0.53568476
8/1/1908 0:00,-0.7152656
9/1/1908 0:00,-0.746758
10/1/1908 0:00,-0.6999221
11/1/1908 0:00,-0.40382612
12/1/1908 0:00,-0.5219947
1/1/1909 0:00,-1.1114347
2/1/1909 0:00,-0.7166117
3/1/1909 0:00,-0.8806237
4/1/1909 0:00,-0.862686
5/1/1909 0:00,-0.6342111
6/1/1909 0:00,-0.6796781
7/1/1909 0:00,-0.63639736
8/1/1909 0:00,-0.5614522
9/1/1909 0:00,-0.47372207
10/1/1909 0:00,-0.29492548
11/1/1909 0:00,-0.28023684
12/1/1909 0:00,-0.6687403
1/1/1910 0:00,-0.6228405
2/1/1910 0:00,-0.61305517
3/1/1910 0:00,-0.68749654
4/1/1910 0:00,-0.67913383
5/1/1910 0:00,-0.5074575
6/1/1910 0:00,-0.5563239
7/1/1910 0:00,-0.44629037
8/1/1910 0:00,-0.49160945
9/1/1910 0:00,-0.37177315
10/1/1910 0:00,-0.46273413
11/1/1910 0:00,-0.1362296
12/1/1910 0:00,-0.57343626
1/1/1911 0:00,-0.85317576
2/1/1911 0:00,-1.016061
3/1/1911 0:00,-1.0687371
4/1/1911 0:00,-0.427851
5/1/1911 0:00,-0.68230414
6/1/1911 0:00,-0.72000855
7/1/1911 0:00,-0.60593724
8/1/1911 0:00,-0.53798664
9/1/1911 0:00,-0.51383257
10/1/1911 0:00,-0.2682852
11/1/1911 0:00,-0.26608518
12/1/1911 0:00,-0.41959074
1/1/1912 0:00,-0.8724633
2/1/1912 0:00,-0.8760676
3/1/1912 0:00,-1.0983027
4/1/1912 0:00,-0.73306245
5/1/1912 0:00,-0.54114115
6/1/1912 0:00,-0.45171955
7/1/1912 0:00,-0.6106007
8/1/1912 0:00,-0.79304194
9/1/1912 0:00,-0.71897286
10/1/1912 0:00,-0.87887853
11/1/1912 0:00,-0.17580058
12/1/1912 0:00,-0.36237845
1/1/1913 0:00,-0.7131759
2/1/1913 0:00,-0.64505327
3/1/1913 0:00,-0.75316375
4/1/1913 0:00,-0.747828
5/1/1913 0:00,-0.7124617
6/1/1913 0:00,-0.559723
7/1/1913 0:00,-0.62552047
8/1/1913 0:00,-0.4054101
9/1/1913 0:00,-0.41850355
10/1/1913 0:00,-0.44020367
11/1/1913 0:00,-0.5576344
12/1/1913 0:00,-0.07136692
1/1/1914 0:00,-0.6982953
2/1/1914 0:00,-0.51057774
3/1/1914 0:00,-0.7162646
4/1/1914 0:00,-0.43410745
5/1/1914 0:00,-0.43430513
6/1/1914 0:00,-0.42188215
7/1/1914 0:00,-0.48377132
8/1/1914 0:00,-0.5337215
9/1/1914 0:00,-0.55115205
10/1/1914 0:00,-0.24066585
11/1/1914 0:00,0.10720692
12/1/1914 0:00,-0.2104045
1/1/1915 0:00,-0.47267324
2/1/1915 0:00,-0.32255074
3/1/1915 0:00,-0.421332
4/1/1915 0:00,-0.21706358
5/1/1915 0:00,-0.40010598
6/1/1915 0:00,-0.39090446
7/1/1915 0:00,-0.30426237
8/1/1915 0:00,-0.44195142
9/1/1915 0:00,-0.341511
10/1/1915 0:00,-0.3638187
11/1/1915 0:00,-0.33612886
12/1/1915 0:00,-0.8351056
1/1/1916 0:00,-0.3602691
2/1/1916 0:00,-0.47165316
3/1/1916 0:00,-0.42937207
4/1/1916 0:00,-0.5375336
5/1/1916 0:00,-0.38721597
6/1/1916 0:00,-0.38559
7/1/1916 0:00,-0.54863065
8/1/1916 0:00,-0.32825032
9/1/1916 0:00,-0.49092385
10/1/1916 0:00,-0.49699283
11/1/1916 0:00,-0.9727623
12/1/1916 0:00,-1.2874247
1/1/1917 0:00,-0.7108971
2/1/1917 0:00,-1.2210141
3/1/1917 0:00,-1.2020875
4/1/1917 0:00,-0.88301605
5/1/1917 0:00,-0.7436325
6/1/1917 0:00,-0.49179247
7/1/1917 0:00,-0.27545047
8/1/1917 0:00,-0.44563928
9/1/1917 0:00,-0.5364304
10/1/1917 0:00,-0.73262686
11/1/1917 0:00,-0.5640424
12/1/1917 0:00,-0.85413283
1/1/1918 0:00,-1.1700829
2/1/1918 0:00,-0.8612596
3/1/1918 0:00,-0.8269791
4/1/1918 0:00,-0.8616961
5/1/1918 0:00,-0.65666705
6/1/1918 0:00,-0.7300675
7/1/1918 0:00,-0.49740413
8/1/1918 0:00,-0.4542471
9/1/1918 0:00,-0.4182943
10/1/1918 0:00,-0.31027716
11/1/1918 0:00,-0.50068253
12/1/1918 0:00,-0.35261834
1/1/1919 0:00,-0.09347075
2/1/1919 0:00,-0.8252185
3/1/1919 0:00,-0.93396837
4/1/1919 0:00,-0.499149
5/1/1919 0:00,-0.30465147
6/1/1919 0:00,-0.6403858
7/1/1919 0:00,-0.46201858
8/1/1919 0:00,-0.6465542
9/1/1919 0:00,-0.36807278
10/1/1919 0:00,-0.44374603
11/1/1919 0:00,-0.2386873
12/1/1919 0:00,-0.41777354
1/1/1920 0:00,-0.42241904
2/1/1920 0:00,-0.35112095
3/1/1920 0:00,-0.32215223
4/1/1920 0:00,-0.67890716
5/1/1920 0:00,-0.36353028
6/1/1920 0:00,-0.49521777
7/1/1920 0:00,-0.5583163
8/1/1920 0:00,-0.4409049
9/1/1920 0:00,-0.5167119
10/1/1920 0:00,-0.4276872
11/1/1920 0:00,-0.356318
12/1/1920 0:00,-0.56189644
1/1/1921 0:00,-0.4356859
2/1/1921 0:00,-0.83583146
3/1/1921 0:00,-0.6732094
4/1/1921 0:00,-0.6802751
5/1/1921 0:00,-0.33121103
6/1/1921 0:00,-0.44059712
7/1/1921 0:00,-0.29374886
8/1/1921 0:00,-0.35072926
9/1/1921 0:00,-0.42108107
10/1/1921 0:00,-0.07301834
11/1/1921 0:00,0.018668752
12/1/1921 0:00,-0.31979868
1/1/1922 0:00,-0.28348747
2/1/1922 0:00,-0.9275864
3/1/1922 0:00,-0.6225921
4/1/1922 0:00,-0.46115568
5/1/1922 0:00,-0.6257609
6/1/1922 0:00,-0.5450816
7/1/1922 0:00,-0.5592243
8/1/1922 0:00,-0.63085157
9/1/1922 0:00,-0.49374786
10/1/1922 0:00,-0.45391577
11/1/1922 0:00,0.21162114
12/1/1922 0:00,-0.12391484
1/1/1923 0:00,-0.5759988
2/1/1923 0:00,-0.57157457
3/1/1923 0:00,-1.0224355
4/1/1923 0:00,-0.4820923
5/1/1923 0:00,-0.3395721
6/1/1923 0:00,-0.42778525
7/1/1923 0:00,-0.598612
8/1/1923 0:00,-0.68972695
9/1/1923 0:00,-0.66594595
10/1/1923 0:00,-0.25722128
11/1/1923 0:00,-0.037872996
12/1/1923 0:00,-0.24557206
1/1/1924 0:00,-0.44553864
2/1/1924 0:00,-0.47824788
3/1/1924 0:00,-0.420254
4/1/1924 0:00,-0.473831
5/1/1924 0:00,-0.38212848
6/1/1924 0:00,-0.43199086
7/1/1924 0:00,-0.64000005
8/1/1924 0:00,-0.654524
9/1/1924 0:00,-0.4890575
10/1/1924 0:00,-0.4496166
11/1/1924 0:00,-0.14287005
12/1/1924 0:00,-0.38283122
1/1/1925 0:00,-0.693213
2/1/1925 0:00,-0.46222395
3/1/1925 0:00,-0.50607383
4/1/1925 0:00,-0.25459823
5/1/1925 0:00,-0.33106756
6/1/1925 0:00,-0.54020315
7/1/1925 0:00,-0.4987848
8/1/1925 0:00,-0.6235568
9/1/1925 0:00,-0.58995336
10/1/1925 0:00,-0.21010213
11/1/1925 0:00,-0.3151083
12/1/1925 0:00,-0.3696401
1/1/1926 0:00,-0.122620195
2/1/1926 0:00,-0.39209056
3/1/1926 0:00,-0.21562718
4/1/1926 0:00,-0.016500555
5/1/1926 0:00,-0.456009
6/1/1926 0:00,-0.45764023
7/1/1926 0:00,-0.4752833
8/1/1926 0:00,-0.5473431
9/1/1926 0:00,-0.39729214
10/1/1926 0:00,0.03026489
11/1/1926 0:00,-0.2625721
12/1/1926 0:00,-0.4922508
1/1/1927 0:00,-0.55882275
2/1/1927 0:00,-0.35945356
3/1/1927 0:00,-0.8560582
4/1/1927 0:00,-0.7110794
5/1/1927 0:00,-0.43727106
6/1/1927 0:00,-0.30675554
7/1/1927 0:00,-0.46996695
8/1/1927 0:00,-0.13581127
9/1/1927 0:00,-0.28220457
10/1/1927 0:00,-0.099550344
11/1/1927 0:00,-0.043747995
12/1/1927 0:00,-0.69004554
1/1/1928 0:00,-0.37491918
2/1/1928 0:00,-0.3855715
3/1/1928 0:00,-0.58911526
4/1/1928 0:00,-0.6006433
5/1/1928 0:00,-0.49222973
6/1/1928 0:00,-0.27124208
7/1/1928 0:00,-0.53692573
8/1/1928 0:00,-0.46735358
9/1/1928 0:00,-0.18659051
10/1/1928 0:00,-0.40761647
11/1/1928 0:00,-0.29191735
12/1/1928 0:00,-0.18025875
1/1/1929 0:00,-0.47624034
2/1/1929 0:00,-0.4860318
3/1/1929 0:00,-0.84591645
4/1/1929 0:00,-0.8983032
5/1/1929 0:00,-0.68393177
6/1/1929 0:00,-0.79725367
7/1/1929 0:00,-0.75868046
8/1/1929 0:00,-0.4193948
9/1/1929 0:00,-0.4187778
10/1/1929 0:00,-0.3037239
11/1/1929 0:00,-0.40089384
12/1/1929 0:00,-0.5813967
1/1/1930 0:00,-0.55701023
2/1/1930 0:00,-0.5107703
3/1/1930 0:00,-0.69928485
4/1/1930 0:00,-0.17947096
5/1/1930 0:00,-0.3459118
6/1/1930 0:00,-0.36324042
7/1/1930 0:00,-0.27037972
8/1/1930 0:00,-0.42804676
9/1/1930 0:00,-0.4874019
10/1/1930 0:00,-0.32134244
11/1/1930 0:00,0.3643719
12/1/1930 0:00,-0.09771325
1/1/1931 0:00,-0.20859523
2/1/1931 0:00,-0.46360528
3/1/1931 0:00,-0.50840825
4/1/1931 0:00,-0.44281673
5/1/1931 0:00,-0.39439726
6/1/1931 0:00,-0.33453566
7/1/1931 0:00,-0.27942246
8/1/1931 0:00,-0.24807702
9/1/1931 0:00,-0.19884622
10/1/1931 0:00,-0.09745127
11/1/1931 0:00,0.08910116
12/1/1931 0:00,-0.007917133
1/1/1932 0:00,-0.074782
2/1/1932 0:00,-0.5620013
3/1/1932 0:00,-0.33675873
4/1/1932 0:00,-0.28679284
5/1/1932 0:00,-0.28214285
6/1/1932 0:00,-0.29476917
7/1/1932 0:00,-0.5091163
8/1/1932 0:00,-0.6874976
9/1/1932 0:00,-0.21125253
10/1/1932 0:00,-0.07974103
11/1/1932 0:00,-0.5768943
12/1/1932 0:00,-0.2966796
1/1/1933 0:00,-0.0228948
2/1/1933 0:00,-0.4230634
3/1/1933 0:00,-0.44354883
4/1/1933 0:00,-0.44931698
5/1/1933 0:00,-0.45827353
6/1/1933 0:00,-0.47490373
7/1/1933 0:00,-0.5699355
8/1/1933 0:00,-0.5792026
9/1/1933 0:00,-0.6967667
10/1/1933 0:00,-0.26245147
11/1/1933 0:00,-0.47502702
12/1/1933 0:00,-0.4128207
1/1/1934 0:00,-0.41567823
2/1/1934 0:00,-0.26954472
3/1/1934 0:00,-0.34585506
4/1/1934 0:00,-0.5865454
5/1/1934 0:00,-0.1998097
6/1/1934 0:00,-0.44750586
7/1/1934 0:00,-0.41599444
8/1/1934 0:00,-0.35045114
9/1/1934 0:00,-0.11640015
10/1/1934 0:00,0.00140647
11/1/1934 0:00,0.20809758
12/1/1934 0:00,-0.29786116
1/1/1935 0:00,-0.67875516
2/1/1935 0:00,-0.05458506
3/1/1935 0:00,-0.5512548
4/1/1935 0:00,-0.7398384
5/1/1935 0:00,-0.5291131
6/1/1935 0:00,-0.6625352
7/1/1935 0:00,-0.24949357
8/1/1935 0:00,-0.31720766
9/1/1935 0:00,-0.2453383
10/1/1935 0:00,-0.21376151
11/1/1935 0:00,-0.09183309
12/1/1935 0:00,-0.17136997
1/1/1936 0:00,-0.62994885
2/1/1936 0:00,-0.56890464
3/1/1936 0:00,-0.62967134
4/1/1936 0:00,-0.3244894
5/1/1936 0:00,-0.44466823
6/1/1936 0:00,-0.37242717
7/1/1936 0:00,-0.15385343
8/1/1936 0:00,-0.039875347
9/1/1936 0:00,-0.23500495
10/1/1936 0:00,0.03434513
11/1/1936 0:00,-0.1501425
12/1/1936 0:00,-0.12010047
1/1/1937 0:00,0.070692085
2/1/1937 0:00,-0.41021186
3/1/1937 0:00,-0.66914356
4/1/1937 0:00,-0.5076077
5/1/1937 0:00,-0.25891927
6/1/1937 0:00,-0.33427128
7/1/1937 0:00,-0.3360159
8/1/1937 0:00,-0.14475793
9/1/1937 0:00,-0.037291773
10/1/1937 0:00,-0.050170522
11/1/1937 0:00,0.22826357
12/1/1937 0:00,-0.08471043
1/1/1938 0:00,-0.11131682
2/1/1938 0:00,0.04721871
3/1/1938 0:00,-0.013614125
4/1/1938 0:00,-0.11023539
5/1/1938 0:00,-0.3587189
6/1/1938 0:00,-0.54299045
7/1/1938 0:00,-0.13336618
8/1/1938 0:00,-0.15866858
9/1/1938 0:00,-0.044355545
10/1/1938 0:00,0.13725516
11/1/1938 0:00,0.26390317
12/1/1938 0:00,-0.007900191
1/1/1939 0:00,-0.2588293
2/1/1939 0:00,-0.23131008
3/1/1939 0:00,-0.6698022
4/1/1939 0:00,-0.4038108
5/1/1939 0:00,-0.2821536
6/1/1939 0:00,-0.29500663
7/1/1939 0:00,-0.09969722
8/1/1939 0:00,-0.06836011
9/1/1939 0:00,-0.2650237
10/1/1939 0:00,-0.17121425
11/1/1939 0:00,-0.026465122
12/1/1939 0:00,0.34289056
1/1/1940 0:00,0.24122728
2/1/1940 0:00,-0.17373165
3/1/1940 0:00,-0.20390765
4/1/1940 0:00,0.018453887
5/1/1940 0:00,-0.011709637
6/1/1940 0:00,-0.31147107
7/1/1940 0:00,-0.2976825
8/1/1940 0:00,-0.30604595
9/1/1940 0:00,-0.23466623
10/1/1940 0:00,0.10889383
11/1/1940 0:00,0.086951554
12/1/1940 0:00,0.21222553
1/1/1941 0:00,-0.4463519
2/1/1941 0:00,-0.055552028
3/1/1941 0:00,-0.40844062
4/1/1941 0:00,-0.16511728
5/1/1941 0:00,-0.12164203
6/1/1941 0:00,-0.15118231
7/1/1941 0:00,-0.12166214
8/1/1941 0:00,-0.03518501
9/1/1941 0:00,-0.14313146
10/1/1941 0:00,0.003327146
11/1/1941 0:00,-0.048548512
12/1/1941 0:00,0.101412326
1/1/1942 0:00,0.30584094
2/1/1942 0:00,-0.45998114
3/1/1942 0:00,-0.50392586
4/1/1942 0:00,-0.31438068
5/1/1942 0:00,-0.28700697
6/1/1942 0:00,-0.17053162
7/1/1942 0:00,-0.3279531
8/1/1942 0:00,-0.13970293
9/1/1942 0:00,-0.08130616
10/1/1942 0:00,-0.122960806
11/1/1942 0:00,-0.006494169
12/1/1942 0:00,-0.15092184
1/1/1943 0:00,-0.32123655
2/1/1943 0:00,-0.24649936
3/1/1943 0:00,-0.37538764
4/1/1943 0:00,0.09608721
5/1/1943 0:00,-0.3287028
6/1/1943 0:00,-0.48044148
7/1/1943 0:00,-0.13737866
8/1/1943 0:00,-0.23745106
9/1/1943 0:00,-0.23820606
10/1/1943 0:00,0.20744896
11/1/1943 0:00,0.2475934
12/1/1943 0:00,-0.08732147
1/1/1944 0:00,0.1773793
2/1/1944 0:00,0.1849037
3/1/1944 0:00,0.10649511
4/1/1944 0:00,-0.15776797
5/1/1944 0:00,0.036410403
6/1/1944 0:00,-0.21465626
7/1/1944 0:00,-0.31303108
8/1/1944 0:00,-0.26959458
9/1/1944 0:00,0.12036861
10/1/1944 0:00,0.16482843
11/1/1944 0:00,0.38278034
12/1/1944 0:00,0.34954053
1/1/1945 0:00,0.1501582
2/1/1945 0:00,0.07567351
3/1/1945 0:00,-0.29955763
4/1/1945 0:00,0.1836482
5/1/1945 0:00,-0.09032318
6/1/1945 0:00,-0.16017888
7/1/1945 0:00,-0.22100806
8/1/1945 0:00,0.1768882
9/1/1945 0:00,-0.1115299
10/1/1945 0:00,-0.113923274
11/1/1945 0:00,-0.16857491
12/1/1945 0:00,-0.2874043
1/1/1946 0:00,-0.14769663
2/1/1946 0:00,-0.5345161
3/1/1946 0:00,-0.53379124
4/1/1946 0:00,-0.4769181
5/1/1946 0:00,-0.21860565
6/1/1946 0:00,-0.34467563
7/1/1946 0:00,-0.36158556
8/1/1946 0:00,-0.48355582
9/1/1946 0:00,-0.3153237
10/1/1946 0:00,-0.3757242
11/1/1946 0:00,-0.07251388
12/1/1946 0:00,-0.27972022
1/1/1947 0:00,0.07789896
2/1/1947 0:00,0.023620123
3/1/1947 0:00,-0.22704019
4/1/1947 0:00,-0.13451885
5/1/1947 0:00,-0.24080159
6/1/1947 0:00,-0.16598418
7/1/1947 0:00,-0.18029456
8/1/1947 0:00,-0.3652122
9/1/1947 0:00,-0.36504245
10/1/1947 0:00,0.09436544
11/1/1947 0:00,-0.054851204
12/1/1947 0:00,-0.34431833
1/1/1948 0:00,-0.5110187
2/1/1948 0:00,-0.5193714
3/1/1948 0:00,-0.5555696
4/1/1948 0:00,-0.40492475
5/1/1948 0:00,0.022432864
6/1/1948 0:00,-0.46231055
7/1/1948 0:00,-0.27187994
8/1/1948 0:00,-0.29713982
9/1/1948 0:00,-0.39186302
10/1/1948 0:00,-0.0828328
11/1/1948 0:00,-0.22698736
12/1/1948 0:00,-0.9107065
1/1/1949 0:00,-0.32872182
2/1/1949 0:00,-0.29880178
3/1/1949 0:00,-0.023479838
4/1/1949 0:00,-0.47449663
5/1/1949 0:00,-0.22782885
6/1/1949 0:00,-0.45423445
7/1/1949 0:00,-0.3437633
8/1/1949 0:00,-0.4339836
9/1/1949 0:00,-0.5032045
10/1/1949 0:00,-0.24306984
11/1/1949 0:00,-0.37333378
12/1/1949 0:00,-0.07293216
1/1/1950 0:00,-0.38866833
2/1/1950 0:00,-0.53932315
3/1/1950 0:00,-0.3272379
4/1/1950 0:00,-0.5497139
5/1/1950 0:00,-0.23264472
6/1/1950 0:00,-0.26088163
7/1/1950 0:00,-0.2382153
8/1/1950 0:00,-0.38199407
9/1/1950 0:00,-0.36356822
10/1/1950 0:00,-0.46130395
11/1/1950 0:00,-0.4815221
12/1/1950 0:00,-0.6904877
1/1/1951 0:00,-0.9242481
2/1/1951 0:00,-0.8428658
3/1/1951 0:00,-0.32518616
4/1/1951 0:00,-0.45548418
5/1/1951 0:00,-0.19041346
6/1/1951 0:00,-0.22460942
7/1/1951 0:00,-0.38929138
8/1/1951 0:00,-0.20662063
9/1/1951 0:00,-0.050737415
10/1/1951 0:00,-0.019803412
11/1/1951 0:00,-0.39823493
12/1/1951 0:00,-0.19666001
1/1/1952 0:00,-0.14118461
2/1/1952 0:00,-0.2437982
3/1/1952 0:00,-0.517846
4/1/1952 0:00,-0.24365304
5/1/1952 0:00,-0.31973737
6/1/1952 0:00,-0.35384658
7/1/1952 0:00,-0.2400386
8/1/1952 0:00,-0.19242899
9/1/1952 0:00,-0.17054936
10/1/1952 0:00,-0.17213657
11/1/1952 0:00,-0.04460519
12/1/1952 0:00,-0.07473769
1/1/1953 0:00,-0.17397358
2/1/1953 0:00,-0.07985366
3/1/1953 0:00,-0.2825966
4/1/1953 0:00,0.18754673
5/1/1953 0:00,-0.069195904
6/1/1953 0:00,-0.053026505
7/1/1953 0:00,-0.39560205
8/1/1953 0:00,-0.38161376
9/1/1953 0:00,-0.35729957
10/1/1953 0:00,-0.0520032
11/1/1953 0:00,-0.002816565
12/1/1953 0:00,-0.20949602
1/1/1954 0:00,-0.47308862
2/1/1954 0:00,-0.44320962
3/1/1954 0:00,-0.6994751
4/1/1954 0:00,-0.4764047
5/1/1954 0:00,-0.45396706
6/1/1954 0:00,-0.2946886
7/1/1954 0:00,-0.21647327
8/1/1954 0:00,-0.47223657
9/1/1954 0:00,-0.47670752
10/1/1954 0:00,-0.035270456
11/1/1954 0:00,-0.0472434
12/1/1954 0:00,-0.109571524
1/1/1955 0:00,-0.07341058
2/1/1955 0:00,-0.6976643
3/1/1955 0:00,-0.6008399
4/1/1955 0:00,-0.41226333
5/1/1955 0:00,-0.5388643
6/1/1955 0:00,-0.44196466
7/1/1955 0:00,-0.2893833
8/1/1955 0:00,0.07518248
9/1/1955 0:00,-0.37374213
10/1/1955 0:00,-0.14898837
11/1/1955 0:00,-0.65859324
12/1/1955 0:00,-0.7000628
1/1/1956 0:00,-0.25046402
2/1/1956 0:00,-0.17966677
3/1/1956 0:00,-0.43403617
4/1/1956 0:00,-0.48218396
5/1/1956 0:00,-0.7012057
6/1/1956 0:00,-0.40230957
7/1/1956 0:00,-0.27944204
8/1/1956 0:00,-0.7262336
9/1/1956 0:00,-0.4029979
10/1/1956 0:00,-0.68980247
11/1/1956 0:00,-0.112352416
12/1/1956 0:00,0.20476511
1/1/1957 0:00,-0.18989941
2/1/1957 0:00,-0.3214867
3/1/1957 0:00,-0.43904454
4/1/1957 0:00,-0.11946005
5/1/1957 0:00,-0.18320847
6/1/1957 0:00,0.014248845
7/1/1957 0:00,-0.3103997
8/1/1957 0:00,-0.06537616
9/1/1957 0:00,-0.1562814
10/1/1957 0:00,-0.05619772
11/1/1957 0:00,-0.26629415
12/1/1957 0:00,-0.5300933
1/1/1958 0:00,0.22611654
2/1/1958 0:00,-0.19552165
3/1/1958 0:00,-0.3037459
4/1/1958 0:00,-0.55256075
5/1/1958 0:00,-0.30225736
6/1/1958 0:00,-0.43518734
7/1/1958 0:00,-0.20379728
8/1/1958 0:00,-0.46861908
9/1/1958 0:00,-0.4813086
10/1/1958 0:00,-0.31374767
11/1/1958 0:00,-0.45821813
12/1/1958 0:00,-0.31882235
1/1/1959 0:00,-0.35280335
2/1/1959 0:00,-0.2542168
3/1/1959 0:00,-0.08449593
4/1/1959 0:00,0.031172665
5/1/1959 0:00,-0.09856862
6/1/1959 0:00,-0.17422548
7/1/1959 0:00,-0.14601599
8/1/1959 0:00,-0.24046658
9/1/1959 0:00,-0.4472458
10/1/1959 0:00,-0.23559034
11/1/1959 0:00,-0.04131435
12/1/1959 0:00,-0.20759441
1/1/1960 0:00,-0.21649174
2/1/1960 0:00,-0.3768746
3/1/1960 0:00,-0.9985527
4/1/1960 0:00,-0.58264035
5/1/1960 0:00,-0.3786719
6/1/1960 0:00,-0.44931704
7/1/1960 0:00,-0.32569158
8/1/1960 0:00,-0.30378753
9/1/1960 0:00,-0.23715433
10/1/1960 0:00,-0.13910428
11/1/1960 0:00,-0.57997566
12/1/1960 0:00,-0.06467826
1/1/1961 0:00,-0.36772022
2/1/1961 0:00,-0.2430045
3/1/1961 0:00,-0.44069737
4/1/1961 0:00,-0.12325435
5/1/1961 0:00,-0.18079437
6/1/1961 0:00,-0.15914345
7/1/1961 0:00,-0.21986113
8/1/1961 0:00,-0.23152746
9/1/1961 0:00,-0.10241801
10/1/1961 0:00,-0.11480319
11/1/1961 0:00,-0.15392539
12/1/1961 0:00,-0.68378043
1/1/1962 0:00,-0.39787883
2/1/1962 0:00,-0.22109255
3/1/1962 0:00,-0.069244705
4/1/1962 0:00,-0.2931094
5/1/1962 0:00,-0.61563003
6/1/1962 0:00,-0.22784449
7/1/1962 0:00,-0.39208034
8/1/1962 0:00,-0.47175178
9/1/1962 0:00,-0.4940662
10/1/1962 0:00,-0.43073615
11/1/1962 0:00,0.04093582
12/1/1962 0:00,-0.5050481
1/1/1963 0:00,-0.48244485
2/1/1963 0:00,-0.32794598
3/1/1963 0:00,-0.8138611
4/1/1963 0:00,-0.5622857
5/1/1963 0:00,-0.53065175
6/1/1963 0:00,-0.2864659
7/1/1963 0:00,-0.29711786
8/1/1963 0:00,0.096914604
9/1/1963 0:00,-0.11445636
10/1/1963 0:00,-0.35135004
11/1/1963 0:00,-0.37909165
12/1/1963 0:00,-0.421665
1/1/1964 0:00,-0.71703744
2/1/1964 0:00,-0.6443507
3/1/1964 0:00,-0.9333879
4/1/1964 0:00,-0.9640276
5/1/1964 0:00,-0.9148506
6/1/1964 0:00,-0.17570163
7/1/1964 0:00,-0.17669535
8/1/1964 0:00,-0.44620326
9/1/1964 0:00,-0.7607519
10/1/1964 0:00,-0.62623584
11/1/1964 0:00,-0.6106799
12/1/1964 0:00,-0.44681045
1/1/1965 0:00,-0.40485132
2/1/1965 0:00,-0.47678158
3/1/1965 0:00,-0.53831226
4/1/1965 0:00,-0.43143952
5/1/1965 0:00,-0.4603576
6/1/1965 0:00,-0.5151954
7/1/1965 0:00,-0.3655226
8/1/1965 0:00,-0.24460964
9/1/1965 0:00,-0.5056527
10/1/1965 0:00,-0.27741298
11/1/1965 0:00,0.008109069
12/1/1965 0:00,-0.47940764
1/1/1966 0:00,-0.91791373
2/1/1966 0:00,-0.5064449
3/1/1966 0:00,-0.4717624
4/1/1966 0:00,-0.5763344
5/1/1966 0:00,-0.42788714
6/1/1966 0:00,-0.3421735
7/1/1966 0:00,-0.09493544
8/1/1966 0:00,-0.5020183
9/1/1966 0:00,-0.29002818
10/1/1966 0:00,-0.6854833
11/1/1966 0:00,-0.32599804
12/1/1966 0:00,-0.11620974
1/1/1967 0:00,-0.52590877
2/1/1967 0:00,-0.79779804
3/1/1967 0:00,-0.20849998
4/1/1967 0:00,-0.3161393
5/1/1967 0:00,0.05477795
6/1/1967 0:00,-0.2639833
7/1/1967 0:00,-0.22471777
8/1/1967 0:00,-0.1843123
9/1/1967 0:00,-0.13883306
10/1/1967 0:00,-0.055409845
11/1/1967 0:00,-0.3358354
12/1/1967 0:00,0.007873288
1/1/1968 0:00,-0.5963299
2/1/1968 0:00,-0.48178262
3/1/1968 0:00,0.039367486
4/1/1968 0:00,-0.2002186
5/1/1968 0:00,-0.26187313
6/1/1968 0:00,-0.32697225
7/1/1968 0:00,-0.58610845
8/1/1968 0:00,-0.3625868
9/1/1968 0:00,-0.6606149
10/1/1968 0:00,-0.22586186
11/1/1968 0:00,-0.82836163
12/1/1968 0:00,-0.84349823
1/1/1969 0:00,-0.5012231
2/1/1969 0:00,-0.5730464
3/1/1969 0:00,-0.7404159
4/1/1969 0:00,-0.3086054
5/1/1969 0:00,-0.051892575
6/1/1969 0:00,-0.17221388
7/1/1969 0:00,-0.51603407
8/1/1969 0:00,-0.3402963
9/1/1969 0:00,-0.10416921
10/1/1969 0:00,0.07170729
11/1/1969 0:00,-0.302954
12/1/1969 0:00,0.1379894
1/1/1970 0:00,-0.22489949
2/1/1970 0:00,-0.3024358
3/1/1970 0:00,-0.10277164
4/1/1970 0:00,-0.49226487
5/1/1970 0:00,-0.46640113
6/1/1970 0:00,-0.3607762
7/1/1970 0:00,-0.1209133
8/1/1970 0:00,-0.5690004
9/1/1970 0:00,0.015111852
10/1/1970 0:00,-0.16546963
11/1/1970 0:00,-0.32204565
12/1/1970 0:00,-0.4919139
1/1/1971 0:00,-0.6336323
2/1/1971 0:00,-0.3022031
3/1/1971 0:00,-0.46028805
4/1/1971 0:00,-0.24375318
5/1/1971 0:00,-0.23405184
6/1/1971 0:00,-0.41456628
7/1/1971 0:00,-0.36099908
8/1/1971 0:00,-0.15632856
9/1/1971 0:00,-0.02956073
10/1/1971 0:00,-0.36933848
11/1/1971 0:00,-0.6537693
12/1/1971 0:00,-0.33126634
1/1/1972 0:00,-0.4444916
2/1/1972 0:00,-0.49094293
3/1/1972 0:00,-0.07330206
4/1/1972 0:00,-0.34770906
5/1/1972 0:00,-0.35364693
6/1/1972 0:00,-0.15354782
7/1/1972 0:00,-0.29985243
8/1/1972 0:00,0.20120771
9/1/1972 0:00,-0.04136627
10/1/1972 0:00,-0.137503
11/1/1972 0:00,-0.32603553
12/1/1972 0:00,-0.22810698
1/1/1973 0:00,0.005141753
2/1/1973 0:00,-0.33104262
3/1/1973 0:00,-0.33085316
4/1/1973 0:00,0.14021362
5/1/1973 0:00,0.030558486
6/1/1973 0:00,0.048150573
7/1/1973 0:00,-0.19489808
8/1/1973 0:00,-0.3141054
9/1/1973 0:00,-0.18072112
10/1/1973 0:00,-0.08651608
11/1/1973 0:00,-0.16660568
12/1/1973 0:00,-0.29305038
1/1/1974 0:00,-0.06935944
2/1/1974 0:00,-0.69051003
3/1/1974 0:00,-0.5375431
4/1/1974 0:00,-0.43866542
5/1/1974 0:00,-0.18325253
6/1/1974 0:00,-0.23083134
7/1/1974 0:00,-0.25029308
8/1/1974 0:00,0.10568435
9/1/1974 0:00,-0.37647587
10/1/1974 0:00,-0.15402132
11/1/1974 0:00,-0.4220427
12/1/1974 0:00,-0.4229094
1/1/1975 0:00,-0.47710827
2/1/1975 0:00,-0.14656578
3/1/1975 0:00,-0.08150421
4/1/1975 0:00,-0.1973135
5/1/1975 0:00,0.081585415
6/1/1975 0:00,-0.15795967
7/1/1975 0:00,-0.3141689
8/1/1975 0:00,-0.57774574
9/1/1975 0:00,-0.21715559
10/1/1975 0:00,-0.5059785
11/1/1975 0:00,-0.5347107
12/1/1975 0:00,-0.33674377
1/1/1976 0:00,-0.25423184
2/1/1976 0:00,-0.30967835
3/1/1976 0:00,-0.27535254
4/1/1976 0:00,-0.35890618
5/1/1976 0:00,-0.7581483
6/1/1976 0:00,-0.4157963
7/1/1976 0:00,-0.18634333
8/1/1976 0:00,-0.35419643
9/1/1976 0:00,-0.20975155
10/1/1976 0:00,-0.79099303
11/1/1976 0:00,-0.5840284
12/1/1976 0:00,-0.19249344
1/1/1977 0:00,0.33140895
2/1/1977 0:00,-0.48207676
3/1/1977 0:00,-0.5050805
4/1/1977 0:00,-0.18518837
5/1/1977 0:00,0.20053644
6/1/1977 0:00,0.092716806
7/1/1977 0:00,0.03972273
8/1/1977 0:00,0.17408177
9/1/1977 0:00,-0.41177264
10/1/1977 0:00,-0.40340048
11/1/1977 0:00,-0.26172855
12/1/1977 0:00,-0.3432326
1/1/1978 0:00,-0.4665301
2/1/1978 0:00,-0.22573069
3/1/1978 0:00,-0.24035534
4/1/1978 0:00,-0.16694532
5/1/1978 0:00,-0.12945168
6/1/1978 0:00,-0.35070193
7/1/1978 0:00,-0.22813614
8/1/1978 0:00,-0.5430574
9/1/1978 0:00,-0.14060494
10/1/1978 0:00,-0.20484039
11/1/1978 0:00,-0.029404234
12/1/1978 0:00,-0.2979113
1/1/1979 0:00,-0.33321372
2/1/1979 0:00,-1.0175568
3/1/1979 0:00,-0.41421866
4/1/1979 0:00,-0.34872746
5/1/1979 0:00,-0.29586005
6/1/1979 0:00,-0.21045408
7/1/1979 0:00,-0.46999288
8/1/1979 0:00,-0.27060333
9/1/1979 0:00,0.084836304
10/1/1979 0:00,-0.027517013
11/1/1979 0:00,0.019851351
12/1/1979 0:00,0.24284254
1/1/1980 0:00,0.1397715
2/1/1980 0:00,0.2924867
3/1/1980 0:00,0.15121403
4/1/1980 0:00,0.03713895
5/1/1980 0:00,0.118432455
6/1/1980 0:00,-0.094989315
7/1/1980 0:00,0.09035683
8/1/1980 0:00,0.08342572
9/1/1980 0:00,0.014857422
10/1/1980 0:00,-0.043998647
11/1/1980 0:00,-0.21656694
12/1/1980 0:00,-0.20621146
1/1/1981 0:00,0.30865172
2/1/1981 0:00,0.25187394
3/1/1981 0:00,0.09298386
4/1/1981 0:00,-0.03741753
5/1/1981 0:00,0.044492792
6/1/1981 0:00,0.08029464
7/1/1981 0:00,0.23018935
8/1/1981 0:00,0.3154366
9/1/1981 0:00,-0.09614503
10/1/1981 0:00,0.18214868
11/1/1981 0:00,0.22643238
12/1/1981 0:00,0.18235958
1/1/1982 0:00,-0.47069532
2/1/1982 0:00,-0.13944349
3/1/1982 0:00,-0.4825723
4/1/1982 0:00,-0.39851427
5/1/1982 0:00,-0.21174018
6/1/1982 0:00,-0.36319652
7/1/1982 0:00,-0.08930923
8/1/1982 0:00,-0.2642008
9/1/1982 0:00,-0.19340073
10/1/1982 0:00,-0.17850967
11/1/1982 0:00,-0.050932415
12/1/1982 0:00,0.17942186
1/1/1983 0:00,0.073922634
2/1/1983 0:00,-0.05577049
3/1/1983 0:00,0.22697651
4/1/1983 0:00,-0.10366452
5/1/1983 0:00,0.23250656
6/1/1983 0:00,-0.11211113
7/1/1983 0:00,-0.3227822
8/1/1983 0:00,0.13363622
9/1/1983 0:00,0.295056
10/1/1983 0:00,-0.013609828
11/1/1983 0:00,-0.17365985
12/1/1983 0:00,-0.20405164
1/1/1984 0:00,0.09631035
2/1/1984 0:00,-0.13912708
3/1/1984 0:00,-0.116710335
4/1/1984 0:00,-0.4066465
5/1/1984 0:00,0.18155617
6/1/1984 0:00,-0.34561482
7/1/1984 0:00,-0.003785345
8/1/1984 0:00,-0.014898088
9/1/1984 0:00,0.15697071
10/1/1984 0:00,-0.006484468
11/1/1984 0:00,-0.021753589
12/1/1984 0:00,0.08687013
1/1/1985 0:00,0.18423975
2/1/1985 0:00,-0.34520277
3/1/1985 0:00,-0.117402256
4/1/1985 0:00,-0.29826534
5/1/1985 0:00,-0.23864496
6/1/1985 0:00,0.050099242
7/1/1985 0:00,-0.4171842
8/1/1985 0:00,-0.10233429
9/1/1985 0:00,-0.07118416
10/1/1985 0:00,-0.23370196
11/1/1985 0:00,-0.20791411
12/1/1985 0:00,-0.14948638
1/1/1986 0:00,-0.25725314
2/1/1986 0:00,0.29846
3/1/1986 0:00,-0.115741305
4/1/1986 0:00,-0.15661103
5/1/1986 0:00,-0.041050866
6/1/1986 0:00,-0.371497
7/1/1986 0:00,-0.18073654
8/1/1986 0:00,-0.12360672
9/1/1986 0:00,-0.47878256
10/1/1986 0:00,-0.25333455
11/1/1986 0:00,-0.21340838
12/1/1986 0:00,-0.18464243
1/1/1987 0:00,-0.041336812
2/1/1987 0:00,-0.38438675
3/1/1987 0:00,-0.55586475
4/1/1987 0:00,-0.25220513
5/1/1987 0:00,-0.19626607
6/1/1987 0:00,0.09673254
7/1/1987 0:00,0.2303518
8/1/1987 0:00,-0.277642
9/1/1987 0:00,-0.22266369
10/1/1987 0:00,-0.22283651
11/1/1987 0:00,-0.5379229
12/1/1987 0:00,-0.24558915
1/1/1988 0:00,0.010005339
2/1/1988 0:00,0.012038843
3/1/1988 0:00,-0.005607794
4/1/1988 0:00,-0.039395202
5/1/1988 0:00,0.30432037
6/1/1988 0:00,0.23555365
7/1/1988 0:00,0.041265476
8/1/1988 0:00,0.28838903
9/1/1988 0:00,0.117630124
10/1/1988 0:00,0.10085832
11/1/1988 0:00,-0.35841766
12/1/1988 0:00,-0.13613951
1/1/1989 0:00,-0.5280011
2/1/1989 0:00,0.034063675
3/1/1989 0:00,-0.1340163
4/1/1989 0:00,-0.06084196
5/1/1989 0:00,-0.35209987
6/1/1989 0:00,-0.22441588
7/1/1989 0:00,-0.032878265
8/1/1989 0:00,0.020138064
9/1/1989 0:00,0.26190454
10/1/1989 0:00,0.029954737
11/1/1989 0:00,-0.36870626
12/1/1989 0:00,0.09564395
1/1/1990 0:00,0.1875453
2/1/1990 0:00,-0.05359474
3/1/1990 0:00,0.50178117
4/1/1990 0:00,0.55035126
5/1/1990 0:00,0.46018746
6/1/1990 0:00,0.051175624
7/1/1990 0:00,0.24591102
8/1/1990 0:00,-0.051178
9/1/1990 0:00,0.038056575
10/1/1990 0:00,0.15793318
11/1/1990 0:00,-0.17351516
12/1/1990 0:00,-0.01597654
1/1/1991 0:00,0.03643409
2/1/1991 0:00,0.104668066
3/1/1991 0:00,-0.06660214
4/1/1991 0:00,0.08490783
5/1/1991 0:00,0.13454455
6/1/1991 0:00,0.44014132
7/1/1991 0:00,0.38147572
8/1/1991 0:00,0.29162923
9/1/1991 0:00,0.4164831
10/1/1991 0:00,0.16101383
11/1/1991 0:00,0.052102506
12/1/1991 0:00,0.064634405
1/1/1992 0:00,-0.04330359
2/1/1992 0:00,0.05347519
3/1/1992 0:00,0.16338961
4/1/1992 0:00,-0.04998153
5/1/1992 0:00,0.10099295
6/1/1992 0:00,0.009478404
7/1/1992 0:00,-0.09491425
8/1/1992 0:00,-0.35134596
9/1/1992 0:00,-0.35852975
10/1/1992 0:00,-0.2524185
11/1/1992 0:00,-0.2699478
12/1/1992 0:00,-0.37343696
1/1/1993 0:00,-0.19706054
2/1/1993 0:00,0.022988085
3/1/1993 0:00,-0.22658032
4/1/1993 0:00,0.07905641
5/1/1993 0:00,-0.046112143
6/1/1993 0:00,-0.008385323
7/1/1993 0:00,0.008180783
8/1/1993 0:00,-0.22600244
9/1/1993 0:00,-0.070513785
10/1/1993 0:00,0.018727785
11/1/1993 0:00,-0.24956
12/1/1993 0:00,-0.483833
1/1/1994 0:00,-0.36095038
2/1/1994 0:00,-0.46254683
3/1/1994 0:00,-0.44564083
4/1/1994 0:00,0.16443993
5/1/1994 0:00,-0.23663804
6/1/1994 0:00,0.2724339
7/1/1994 0:00,0.044428844
8/1/1994 0:00,-0.17063238
9/1/1994 0:00,0.07208012
10/1/1994 0:00,0.26137346
11/1/1994 0:00,0.03147804
12/1/1994 0:00,-0.055827737
1/1/1995 0:00,0.2245892
2/1/1995 0:00,0.65348524
3/1/1995 0:00,0.14091426
4/1/1995 0:00,0.48928842
5/1/1995 0:00,-0.09381154
6/1/1995 0:00,0.21493526
7/1/1995 0:00,0.34052777
8/1/1995 0:00,0.2734544
9/1/1995 0:00,0.13330276
10/1/1995 0:00,0.24430299
11/1/1995 0:00,0.2296014
12/1/1995 0:00,-0.17315677
1/1/1996 0:00,-0.15514404
2/1/1996 0:00,0.22286384
3/1/1996 0:00,-0.017515909
4/1/1996 0:00,0.2923244
5/1/1996 0:00,-0.16639598
6/1/1996 0:00,-0.23396657
7/1/1996 0:00,0.22361103
8/1/1996 0:00,0.469124
9/1/1996 0:00,-0.062682085
10/1/1996 0:00,-0.19378972
11/1/1996 0:00,0.6067026
12/1/1996 0:00,-0.10819015
1/1/1997 0:00,-0.43034682
2/1/1997 0:00,-0.19266185
3/1/1997 0:00,0.32166597
4/1/1997 0:00,0.08258332
5/1/1997 0:00,0.0365133
6/1/1997 0:00,0.2811725
7/1/1997 0:00,-0.12332337
8/1/1997 0:00,-0.029978635
9/1/1997 0:00,0.26426739
10/1/1997 0:00,0.45479074
11/1/1997 0:00,0.48131016
12/1/1997 0:00,0.0363926
1/1/1998 0:00,0.14436616
2/1/1998 0:00,0.18859282
3/1/1998 0:00,0.15744959
4/1/1998 0:00,0.1627381
5/1/1998 0:00,0.32546607
6/1/1998 0:00,0.5700922
7/1/1998 0:00,0.37849727
8/1/1998 0:00,0.41470912
9/1/1998 0:00,0.08839993
10/1/1998 0:00,-0.03365047
11/1/1998 0:00,0.2837066
12/1/1998 0:00,0.19315374
1/1/1999 0:00,0.00452976
2/1/1999 0:00,0.14992273
3/1/1999 0:00,-0.16993028
4/1/1999 0:00,-0.23322503
5/1/1999 0:00,-0.16920014
6/1/1999 0:00,0.097278945
7/1/1999 0:00,0.049029626
8/1/1999 0:00,0.1782657
9/1/1999 0:00,0.2551982
10/1/1999 0:00,0.14182863
11/1/1999 0:00,0.29125208
12/1/1999 0:00,0.13538215
1/1/2000 0:00,-0.06290624
2/1/2000 0:00,0.2751681
3/1/2000 0:00,0.2282551
4/1/2000 0:00,0.20688912
5/1/2000 0:00,-0.080565244
6/1/2000 0:00,0.15081055
7/1/2000 0:00,0.17912227
8/1/2000 0:00,0.12003911
9/1/2000 0:00,0.20965467
10/1/2000 0:00,0.023886822
11/1/2000 0:00,0.13852964
12/1/2000 0:00,-0.033177376
1/1/2001 0:00,0.10874397
2/1/2001 0:00,0.11461274
3/1/2001 0:00,-0.08119141
4/1/2001 0:00,0.016087761
5/1/2001 0:00,0.15066475
6/1/2001 0:00,0.23758835
7/1/2001 0:00,0.41089305
8/1/2001 0:00,0.011933974
9/1/2001 0:00,0.2956206
10/1/2001 0:00,0.14862883
11/1/2001 0:00,0.47756347
12/1/2001 0:00,0.5806297
1/1/2002 0:00,0.3658605
2/1/2002 0:00,-0.020287585
3/1/2002 0:00,0.5344614
4/1/2002 0:00,0.08825543
5/1/2002 0:00,0.5487418
6/1/2002 0:00,0.21438575
7/1/2002 0:00,0.3795792
8/1/2002 0:00,0.36476064
9/1/2002 0:00,0.45898747
10/1/2002 0:00,0.53663576
11/1/2002 0:00,0.29466164
12/1/2002 0:00,0.24653359
1/1/2003 0:00,0.3780417
2/1/2003 0:00,0.3652498
3/1/2003 0:00,0.11661828
4/1/2003 0:00,0.16519754
5/1/2003 0:00,0.31521285
6/1/2003 0:00,-0.030187089
7/1/2003 0:00,0.25248316
8/1/2003 0:00,0.34659958
9/1/2003 0:00,0.5128335
10/1/2003 0:00,0.54665995
11/1/2003 0:00,0.2561102
12/1/2003 0:00,0.4537704
1/1/2004 0:00,0.27676594
2/1/2004 0:00,0.25561726
3/1/2004 0:00,0.13532703
4/1/2004 0:00,0.3436582
5/1/2004 0:00,-0.03164926
6/1/2004 0:00,0.050756067
7/1/2004 0:00,-0.29621443
8/1/2004 0:00,0.09650227
9/1/2004 0:00,0.30040196
10/1/2004 0:00,0.3895242
11/1/2004 0:00,0.3270825
12/1/2004 0:00,0.27011433
1/1/2005 0:00,0.8154327
2/1/2005 0:00,0.5075903
3/1/2005 0:00,0.38531074
4/1/2005 0:00,0.3115446
5/1/2005 0:00,0.42900255
6/1/2005 0:00,0.3437302
7/1/2005 0:00,0.31782982
8/1/2005 0:00,0.22661838
9/1/2005 0:00,0.5638593
10/1/2005 0:00,0.7443123
11/1/2005 0:00,0.67306507
12/1/2005 0:00,0.84390426
1/1/2006 0:00,0.67790365
2/1/2006 0:00,0.59789556
3/1/2006 0:00,0.40525207
4/1/2006 0:00,0.39864552
5/1/2006 0:00,0.2998761
6/1/2006 0:00,0.33500272
7/1/2006 0:00,0.08301416
8/1/2006 0:00,0.6053908
9/1/2006 0:00,0.5046569
10/1/2006 0:00,0.47971895
11/1/2006 0:00,0.68734777
12/1/2006 0:00,0.41559651
1/1/2007 0:00,0.66677463
2/1/2007 0:00,0.40445644
3/1/2007 0:00,0.33105004
4/1/2007 0:00,0.7107919
5/1/2007 0:00,0.48521352
6/1/2007 0:00,0.4859026
7/1/2007 0:00,0.4522404
8/1/2007 0:00,0.4437496
9/1/2007 0:00,0.4621914
10/1/2007 0:00,0.62611467
11/1/2007 0:00,0.64242977
12/1/2007 0:00,0.32874158
1/1/2008 0:00,-0.040213324
2/1/2008 0:00,0.008634803
3/1/2008 0:00,0.31268096
4/1/2008 0:00,0.4133067
5/1/2008 0:00,0.28036642
6/1/2008 0:00,0.08996442
7/1/2008 0:00,0.41013724
8/1/2008 0:00,0.14807855
9/1/2008 0:00,0.62110734
10/1/2008 0:00,0.56304985
11/1/2008 0:00,0.71853435
12/1/2008 0:00,0.50589794
1/1/2009 0:00,0.72102815
2/1/2009 0:00,0.110591546
3/1/2009 0:00,-0.023368811
4/1/2009 0:00,9.31E-05
5/1/2009 0:00,0.50972813
6/1/2009 0:00,0.37937388
7/1/2009 0:00,0.6317221
8/1/2009 0:00,0.39097163
9/1/2009 0:00,0.6290916
10/1/2009 0:00,0.70013696
11/1/2009 0:00,0.854865
12/1/2009 0:00,0.66126186
1/1/2010 0:00,0.39056325
2/1/2010 0:00,0.5910693
3/1/2010 0:00,0.5654314
4/1/2010 0:00,0.6320012
5/1/2010 0:00,0.67643255
6/1/2010 0:00,0.29443386
7/1/2010 0:00,0.27879447
8/1/2010 0:00,0.3668283
9/1/2010 0:00,0.5613651
10/1/2010 0:00,0.7278065
11/1/2010 0:00,0.7653267
12/1/2010 0:00,0.4298387
1/1/2011 0:00,0.57446456
2/1/2011 0:00,0.4619893
3/1/2011 0:00,0.6191279
4/1/2011 0:00,0.5108616
5/1/2011 0:00,0.31718528
6/1/2011 0:00,0.32974505
7/1/2011 0:00,0.6436192
8/1/2011 0:00,0.7288938
9/1/2011 0:00,0.42446098
10/1/2011 0:00,0.74659586
11/1/2011 0:00,0.6189664
12/1/2011 0:00,0.5988263
1/1/2012 0:00,0.5151523
2/1/2012 0:00,0.48557794
3/1/2012 0:00,0.2903415
4/1/2012 0:00,0.41929945
5/1/2012 0:00,0.5138298
6/1/2012 0:00,0.36498803
7/1/2012 0:00,0.2306689
8/1/2012 0:00,0.32138345
9/1/2012 0:00,0.61422586
10/1/2012 0:00,0.7932251
11/1/2012 0:00,0.7814894
12/1/2012 0:00,0.5220221
1/1/2013 0:00,0.6055656
2/1/2013 0:00,-0.06188607
3/1/2013 0:00,0.30577156
4/1/2013 0:00,0.37261543
5/1/2013 0:00,0.20551702
6/1/2013 0:00,0.50776076
7/1/2013 0:00,0.27255955
8/1/2013 0:00,0.5729696
9/1/2013 0:00,0.8537108
10/1/2013 0:00,0.52987456
11/1/2013 0:00,0.63904715
12/1/2013 0:00,0.6687483
1/1/2014 0:00,0.7309372
2/1/2014 0:00,0.6232699
3/1/2014 0:00,0.59844583
4/1/2014 0:00,0.5631305
5/1/2014 0:00,0.76239604
6/1/2014 0:00,0.27084658
7/1/2014 0:00,0.188358
8/1/2014 0:00,0.62826294
9/1/2014 0:00,0.8247191
10/1/2014 0:00,0.67978626
11/1/2014 0:00,0.44150373
12/1/2014 0:00,0.54256654
1/1/2015 0:00,0.5552595
2/1/2015 0:00,0.5990546
3/1/2015 0:00,0.656054
4/1/2015 0:00,0.6835248
5/1/2015 0:00,0.3173955
6/1/2015 0:00,0.4043678
7/1/2015 0:00,0.34087178
8/1/2015 0:00,0.32811877
9/1/2015 0:00,0.488468
10/1/2015 0:00,1.0786045
11/1/2015 0:00,1.0010713
12/1/2015 0:00,0.8704631
1/1/2016 0:00,1.2644687
2/1/2016 0:00,1.301733
3/1/2016 0:00,1.1005596
4/1/2016 0:00,0.8216332
5/1/2016 0:00,0.77473325
6/1/2016 0:00,0.26871073
7/1/2016 0:00,0.49826393
8/1/2016 0:00,0.89287746
9/1/2016 0:00,0.8155378
10/1/2016 0:00,0.99620104
11/1/2016 0:00,1.338709
12/1/2016 0:00,0.96705645
1/1/2017 0:00,1.0372094
2/1/2017 0:00,1.112749
3/1/2017 0:00,0.9593795
4/1/2017 0:00,0.81824034
5/1/2017 0:00,0.69725317
6/1/2017 0:00,0.22448397
7/1/2017 0:00,0.48041365
8/1/2017 0:00,0.47205427
9/1/2017 0:00,0.6453053
10/1/2017 0:00,1.1551834
11/1/2017 0:00,1.0542746
12/1/2017 0:00,1.056241
1/1/2018 0:00,0.83226633
2/1/2018 0:00,1.0436687
3/1/2018 0:00,0.5144343
4/1/2018 0:00,0.7637128
5/1/2018 0:00,0.71307415
6/1/2018 0:00,0.6136872
7/1/2018 0:00,0.59704584
8/1/2018 0:00,0.69558704
9/1/2018 0:00,0.5648777
10/1/2018 0:00,1.2873086
11/1/2018 0:00,0.8339628
12/1/2018 0:00,0.9091587
1/1/2019 0:00,0.5713987
2/1/2019 0:00,0.79600376
3/1/2019 0:00,1.022072
4/1/2019 0:00,0.97267765
5/1/2019 0:00,0.8143725
6/1/2019 0:00,0.50238943
7/1/2019 0:00,0.6681201
8/1/2019 0:00,0.7474478
9/1/2019 0:00,0.7490483
10/1/2019 0:00,1.1220481
11/1/2019 0:00,1.1017442
12/1/2019 0:00,1.1141526
1/1/2020 0:00,0.96084887
2/1/2020 0:00,1.0646751
3/1/2020 0:00,0.66035527
4/1/2020 0:00,1.1798632
5/1/2020 0:00,0.93291426
6/1/2020 0:00,0.73090625
7/1/2020 0:00,0.64254344
8/1/2020 0:00,0.52253556
9/1/2020 0:00,0.99866945
10/1/2020 0:00,0.9500302
11/1/2020 0:00,1.4215302
12/1/2020 0:00,0.8049394
1/1/2021 0:00,0.7374863
2/1/2021 0:00,0.44165066
3/1/2021 0:00,0.67587733
4/1/2021 0:00,0.56632006
5/1/2021 0:00,0.59679085
6/1/2021 0:00,0.41861853
7/1/2021 0:00,0.67766845
8/1/2021 0:00,0.50254273
9/1/2021 0:00,0.9003116
10/1/2021 0:00,1.1991771
11/1/2021 0:00,0.9922588
12/1/2021 0:00,0.8900914
1/1/2022 0:00,0.8344907
2/1/2022 0:00,1.0394007
3/1/2022 0:00,1.275761
4/1/2022 0:00,0.678667
5/1/2022 0:00,0.6943255
6/1/2022 0:00,0.82602304
7/1/2022 0:00,0.76265705
8/1/2022 0:00,0.75388837
9/1/2022 0:00,0.67659354
10/1/2022 0:00,1.1023275
11/1/2022 0:00,0.5417708
12/1/2022 0:00,0.69790715
1/1/2023 0:00,0.70999867
2/1/2023 0:00,0.8923694
3/1/2023 0:00,1.1269107
4/1/2023 0:00,0.8124943
5/1/2023 0:00,0.6285633
6/1/2023 0:00,0.76608175
7/1/2023 0:00,0.84648585
8/1/2023 0:00,0.88810015
9/1/2023 0:00,1.4750904
10/1/2023 0:00,1.3702112
11/1/2023 0:00,1.3923724
12/1/2023 0:00,1.3512172
1/1/2024 0:00,0.9700376
2/1/2024 0:00,1.3797112
